date,m2_value,m2_yoy,m1_value,m1_yoy,m2_m1_scissors,m1_m2_ratio,m2_net_expansion_trillion
2026-04-01,3530425.21,8.6,1145833.73,5.0,3.6,0.3246,279.5733
2026-03-01,3538636.53,8.5,1193202.99,5.1,3.4,0.3372,277.2204
2026-02-01,3492159.91,9.0,1159258.82,5.9,3.1,0.332,288.3435
2026-01-01,3471860.39,9.0,1179680.52,4.9,4.1,0.3398,286.6674
2025-12-01,3402948.06,8.5,1155146.5,3.8,4.7,0.3395,266.5904
2025-11-01,3369890.52,8.0,1128866.64,4.9,3.1,0.335,249.6215
2025-10-01,3351312.31,8.2,1119962.73,6.2,2.0,0.3342,253.9812
2025-09-01,3353771.03,8.4,1131455.07,7.2,1.2,0.3374,259.8863
2025-08-01,3319831.44,8.8,1112255.7,6.0,2.8,0.335,268.5158
2025-07-01,3299429.06,8.8,1110586.92,5.6,3.2,0.3366,266.8656
2025-06-01,3302868.17,8.3,1139494.08,4.6,3.7,0.345,253.1284
2025-05-01,3257838.11,7.9,1089147.65,2.3,5.6,0.3343,238.5257
2025-04-01,3251739.32,8.0,1091407.33,1.5,6.5,0.3356,240.8696
2025-03-01,3260554.57,7.0,1134863.1,1.6,5.4,0.3481,213.3073
2025-02-01,3205173.24,7.0,1094370.01,0.1,6.9,0.3414,209.6842
2025-01-01,3185247.18,7.0,1124457.45,0.4,6.6,0.353,208.3807
2024-12-01,3135322.3,7.3,1113069.0,-1.4,8.7,0.355,213.3071
2024-11-01,3119587.27,7.1,1076379.0,-3.7,10.8,0.345,206.8074
2024-10-01,3097092.01,7.5,1054884.0,-6.1,13.6,0.3406,216.0762
2024-09-01,3094798.24,6.8,1055410.0,-7.4,14.2,0.341,197.0471
2024-08-01,3050461.27,6.3,1049684.0,-7.3,13.6,0.3441,180.7893
2024-07-01,3033060.78,6.3,1051800.0,-6.6,12.9,0.3468,179.7581
2024-06-01,3050161.54,6.2,1089170.0,-5.0,11.2,0.3571,178.0697
2024-05-01,3018506.73,7.0,1064391.0,-4.2,11.2,0.3526,197.4724
2024-04-01,3011941.98,7.2,1075084.0,-1.4,8.6,0.3569,202.2946
2024-03-01,3047952.16,8.3,1117433.0,1.1,7.2,0.3666,233.5919
2024-02-01,2995572.97,8.7,1093158.0,1.2,7.5,0.3649,239.7561
2024-01-01,2976250.2,8.7,1120120.0,5.9,2.8,0.3764,238.2095
2023-12-01,2922713.33,9.7,680542.52,1.3,8.4,0.2328,258.435
2023-11-01,2912014.22,10.0,675903.41,1.3,8.7,0.2321,264.7286
2023-10-01,2882276.07,10.3,674696.07,1.9,8.4,0.2341,269.1518
2023-09-01,2896659.11,10.3,678443.65,2.1,8.2,0.2342,270.4949
2023-08-01,2869343.25,10.6,679588.35,2.2,8.4,0.2368,275.0003
2023-07-01,2854031.56,10.7,677218.92,2.3,8.4,0.2373,275.8639
2023-06-01,2873023.83,11.3,695595.48,3.1,8.2,0.2421,291.6906
2023-05-01,2820504.68,11.6,675252.98,4.7,6.9,0.2394,293.1707
2023-04-01,2808469.34,12.4,669761.55,5.3,7.1,0.2385,309.8311
2023-03-01,2814566.31,12.7,678059.63,5.1,7.6,0.2409,317.1694
2023-02-01,2755249.23,12.9,657938.74,5.8,7.1,0.2388,314.8159
2023-01-01,2738072.06,12.6,655214.16,6.7,5.9,0.2393,306.3917
2022-12-01,2664320.84,11.8,671674.76,3.7,8.1,0.2521,281.2074
2022-11-01,2647008.48,12.4,667042.61,4.6,7.8,0.252,292.0187
2022-10-01,2612914.57,11.8,662140.99,5.8,6.0,0.2534,275.7817
2022-09-01,2626600.92,12.1,664535.17,6.4,5.7,0.253,283.5136
2022-08-01,2595068.27,12.2,664604.85,6.1,6.1,0.2561,282.1732
2022-07-01,2578078.57,12.0,661832.33,6.7,5.3,0.2567,276.2227
2022-06-01,2581451.2,11.4,674374.81,5.8,5.6,0.2612,264.1701
2022-05-01,2527026.15,11.1,645107.52,4.6,6.5,0.2553,252.4752
2022-04-01,2499710.9,10.5,636139.01,5.1,5.4,0.2545,237.5291
2022-03-01,2497688.34,9.7,645063.8,4.7,5.0,0.2583,220.853
2022-02-01,2441488.9,9.2,621612.11,4.7,4.5,0.2546,205.6932
2022-01-01,2431022.72,9.8,613859.35,-1.9,11.7,0.2525,216.9765
2021-12-01,2382899.56,9.0,647443.35,3.5,5.5,0.2717,196.7532
2021-11-01,2356012.76,8.5,637482.04,3.0,5.5,0.2706,184.5724
2021-10-01,2336160.48,8.7,626082.12,2.8,5.9,0.268,186.9788
2021-09-01,2342829.7,8.3,624645.68,3.7,4.6,0.2666,179.552
2021-08-01,2312267.68,8.2,626658.69,4.2,4.0,0.271,175.2366
2021-07-01,2302153.82,8.3,620367.05,4.9,3.4,0.2695,176.4347
2021-06-01,2317788.36,8.6,637479.36,5.5,3.1,0.275,183.5449
2021-05-01,2275538.07,8.3,616828.32,6.1,2.2,0.2711,174.3949
2021-04-01,2262107.12,8.1,605421.89,6.2,1.9,0.2676,169.5011
2021-03-01,2276488.45,9.4,616113.17,7.1,2.3,0.2706,195.6032
2021-02-01,2236030.26,10.1,593487.46,7.4,2.7,0.2654,205.1218
2021-01-01,2213047.33,9.4,625563.81,14.7,-5.3,0.2827,190.1521
2020-12-01,2186795.89,10.1,625580.99,8.6,1.5,0.2861,200.6053
2020-11-01,2172002.55,10.7,618632.17,10.0,0.7,0.2848,209.9406
2020-10-01,2149720.42,10.5,609182.41,9.1,1.4,0.2834,204.2721
2020-09-01,2164084.8,10.9,602312.12,8.1,2.8,0.2783,212.7009
2020-08-01,2136836.91,10.4,601289.1,8.0,2.4,0.2814,201.2962
2020-07-01,2125458.462,10.7,591192.6368,6.9,3.8,0.2781,205.4418
2020-06-01,2134948.661,11.1,604317.9685,6.5,4.6,0.2831,213.3027
2020-05-01,2100183.741,11.1,581111.0573,6.8,4.3,0.2767,209.8293
2020-04-01,2093533.829,11.1,570150.4789,5.5,5.6,0.2723,209.1649
2020-03-01,2080923.411,10.1,575050.2863,5.0,5.1,0.2763,190.8931
2020-02-01,2030830.424,8.8,552700.7291,4.8,4.0,0.2722,164.2583
2020-01-01,2023066.485,8.4,545531.7866,0.0,8.4,0.2697,156.769
2019-12-01,1986488.82,8.7,576009.15,4.4,4.3,0.29,158.9922
2019-11-01,1961429.56,8.2,562486.52,3.5,4.7,0.2868,148.6481
2019-10-01,1945600.55,8.4,558143.92,3.3,5.1,0.2869,150.7661
2019-09-01,1952250.49,8.4,557137.95,3.4,5.0,0.2854,151.2814
2019-08-01,1935492.43,8.2,556798.09,3.4,4.8,0.2877,146.6824
2019-07-01,1919410.82,8.1,553043.11,3.1,5.0,0.2881,143.8226
2019-06-01,1921360.19,8.5,567696.18,4.4,4.1,0.2955,150.5213
2019-05-01,1891153.7,8.5,544355.64,3.4,5.1,0.2878,148.1549
2019-04-01,1884670.33,8.5,540614.6,2.9,5.6,0.2868,147.647
2019-03-01,1889412.14,8.6,547575.54,4.6,4.0,0.2898,149.622
2019-02-01,1867427.45,8.0,527190.48,1.6,6.4,0.2823,138.328
2019-01-01,1865935.33,8.4,545638.46,0.4,8.0,0.2924,144.5928
2018-12-01,1826744.21571345,8.1,551685.90754868,1.5,6.6,0.302,136.8791
2018-11-01,1813175.06539151,8.0,543498.66093155,1.5,6.5,0.2997,134.3093
2018-10-01,1795561.59556379,8.0,540128.36546464,2.7,5.3,0.3008,133.0046
2018-09-01,1801665.58145761,8.3,538574.08246877,4.0,4.3,0.2989,138.0778
2018-08-01,1788670.42970175,8.2,538324.64434997,3.9,4.3,0.301,135.5554
2018-07-01,1776196.10516409,8.5,536624.29388092,5.1,3.4,0.3021,139.149
2018-06-01,1770178.373,8.0,543944.71230776,6.6,1.4,0.3073,131.1243
2018-05-01,1743063.7923233,8.3,526276.71554375,6.0,2.3,0.3019,133.5866
2018-04-01,1737683.72947489,8.3,525447.77033558,7.2,1.1,0.3024,133.1743
2018-03-01,1739859.47770953,8.2,523540.0745583,7.1,1.1,0.3009,131.8563
2018-02-01,1729070.11807809,8.8,517035.99284148,8.5,0.3,0.299,139.8513
2018-01-01,1720814.46207142,8.6,543247.12570164,15.0,-6.4,0.3157,136.2708
2017-12-01,1690235.31468079,8.0654,543790.14519118,11.8,-3.7346,0.3217,126.1498
2017-11-01,1679156.63613009,9.1148,535565.04954123,12.7,-3.5852,0.3189,140.2667
2017-10-01,1662449.96019881,8.8771,525977.19041969,13.0,-4.1229,0.3164,135.5449
2017-09-01,1663666.05438742,8.976,517863.03732941,14.0,-5.024,0.3113,137.0308
2017-08-01,1652947.30031106,8.5633,518113.92979868,14.0,-5.4367,0.3134,130.3818
2017-07-01,1636341.10524859,8.89,510484.57751922,15.3,-6.41,0.312,133.5942
2017-06-01,1639497.04513491,9.1013,510228.16597674,15.0,-5.8987,0.3112,136.7679
2017-05-01,1609740.77375527,9.1289,496389.78217316,17.0,-7.8711,0.3084,134.6588
2017-04-01,1603918.84024284,9.8426,490180.41972742,18.5,-8.6574,0.3056,143.7214
2017-03-01,1607938.98002212,10.1178,488770.09,18.8,-8.6822,0.304,147.74
2017-02-01,1589856.99535048,10.45,476527.6,21.4,-10.95,0.2997,150.4211
2017-01-01,1584194.56383135,10.7032,472526.45,14.5,-3.7968,0.2983,153.1659
2016-12-01,1550066.66781086,11.3,486557.23737089,21.4,-10.1,0.3139,157.3742
2016-11-01,1530432.06,11.4,475405.54,22.7,-11.3,0.3106,156.6151
2016-10-01,1519485.4,11.6,465446.65,23.9,-12.3,0.3063,157.9393
2016-09-01,1516360.5,11.5,454340.25,24.7,-13.2,0.2996,156.3959
2016-08-01,1510982.91,11.4,454543.6,25.3,-13.9,0.3008,154.6248
2016-07-01,1491558.72,10.2,442934.43,25.4,-15.2,0.297,138.0572
2016-06-01,1490491.83,11.8,443643.7,24.6,-12.8,0.2976,157.3149
2016-05-01,1461695.11,11.8,424250.7,23.7,-11.9,0.2902,154.2755
2016-04-01,1445209.59,12.8,413504.84,22.9,-10.1,0.2861,163.9954
2016-03-01,1446198.03,13.4,411581.31,22.1,-8.7,0.2846,170.8911
2016-02-01,1424618.67792204,13.3,392504.69634977,17.4,-4.1,0.2755,167.2324
2016-01-01,1416319.55,14.0,412685.64,18.6,-4.6,0.2914,173.934
2015-12-01,1392278.10919881,13.3,400953.4400483,15.2,-1.9,0.288,163.436
2015-11-01,1373956.01,13.7,387618.32,15.7,-2.0,0.2821,165.5514
2015-10-01,1361020.70462698,13.5,375806.44967709,14.0,-0.5,0.2761,161.8835
2015-09-01,1359824.06,13.1,364416.9,11.4,1.7,0.268,157.5039
2015-08-01,1356907.98,13.3,362793.73,9.3,4.0,0.2674,159.284
2015-07-01,1353210.92482599,13.3,353122.19382944,6.6,6.7,0.261,158.85
2015-06-01,1333375.36453853,11.8,356082.85545863,4.3,7.5,0.2671,140.7319
2015-05-01,1307357.63,10.8,343085.86,4.7,6.1,0.2624,127.432
2015-04-01,1280779.14,10.1,336388.24,3.7,6.4,0.2626,117.492
2015-03-01,1275332.78,11.6,337210.52,2.9,8.7,0.2644,132.5615
2015-02-01,1257380.4784755,12.5,334439.22267292,5.6,6.9,0.266,139.7089
2015-01-01,1242710.2185386,10.8,348109.50224619,10.6,0.2,0.2801,121.1306
2014-12-01,1228374.807,12.2,348056.4089,3.2,9.0,0.2833,133.5666
2014-11-01,1208605.95,12.3,335114.13,3.2,9.1,0.2773,132.3763
2014-10-01,1199236.314,12.6,329617.7321,3.2,9.4,0.2749,134.1952
2014-09-01,1202051.41,12.9,327220.21,4.8,8.1,0.2722,137.3469
2014-08-01,1197499.08,12.8,332023.23,5.7,7.1,0.2773,135.8864
2014-07-01,1194249.24,13.5,331347.32,6.7,6.8,0.2775,142.0473
2014-06-01,1209587.2,14.7,341487.45,8.9,5.8,0.2823,155.0212
2014-05-01,1182293.96,13.4,327839.56,5.7,7.7,0.2773,139.7067
2014-04-01,1168812.67,13.2,324482.52,5.5,7.7,0.2776,136.2926
2014-03-01,1160687.38,12.1,327683.74,5.4,6.7,0.2823,125.2838
2014-02-01,1131760.83,13.3,316625.11,6.9,6.4,0.2798,132.8545
2014-01-01,1123521.21,13.2,314900.5525,1.2,12.0,0.2803,131.0113
2013-12-01,1106524.98,13.6,337291.05,9.3,4.3,0.3048,132.4713
2013-11-01,1079257.055,14.2,324821.9228,9.4,4.8,0.301,134.1983
2013-10-01,1070242.167,14.3,319509.38,8.9,5.4,0.2985,133.8973
2013-09-01,1077379.163,14.2,312330.3433,8.9,5.3,0.2899,133.9648
2013-08-01,1061256.43,14.7,314085.91,9.9,4.8,0.296,136.0111
2013-07-01,1052212.34,14.5,310596.46,9.7,4.8,0.2952,133.2496
2013-06-01,1054403.69,14.0,313499.82,9.1,4.9,0.2973,129.4882
2013-05-01,1042169.16,15.8,310204.48,11.3,4.5,0.2977,142.1958
2013-04-01,1032551.903,16.1,307648.4202,11.9,4.2,0.2979,143.1876
2013-03-01,1035858.37,15.7,310898.29,11.9,3.8,0.3001,140.5616
2013-02-01,998600.83,15.2,296103.24,9.5,5.7,0.2965,13.176
2013-01-01,992129.25,15.9,311228.55,15.3,0.6,0.3137,13.6107
2012-12-01,974148.8,13.8,308664.23,6.5,7.3,0.3169,11.8131
2012-11-01,944832.4,13.9,296883.0,5.5,8.4,0.3142,11.5304
2012-10-01,936404.2792,14.1,293309.7849,6.1,8.0,0.3132,11.5717
2012-09-01,943688.7534,14.8,286788.2061,7.3,7.5,0.3039,12.166
2012-08-01,924894.5865,13.5,285739.2653,4.5,9.0,0.3089,11.0009
2012-07-01,919072.4019,13.9,283090.6809,4.6,9.3,0.308,11.2161
2012-06-01,924991.2,13.6,287526.17,4.7,8.9,0.3108,11.0738
2012-05-01,900048.77,13.2,278656.31,3.5,9.7,0.3096,10.4953
2012-04-01,889604.04,12.8,274983.82,3.1,9.7,0.3091,10.0948
2012-03-01,895565.5,13.4,277998.11,4.4,9.0,0.3104,10.5825
2012-02-01,867171.42,13.0,270312.11,4.3,8.7,0.3117,9.9763
2012-01-01,855898.89,12.4,270010.4,3.1,9.3,0.3155,9.4423
2011-12-01,851590.9,13.6,289847.697,7.9,5.7,0.3404,10.1951
2011-11-01,825493.9445,12.7,281416.3725,7.8,4.9,0.3409,9.3024
2011-10-01,816829.2489,12.9,276552.6711,8.4,4.5,0.3386,9.3331
2011-09-01,787406.2038,13.04,267193.1613,8.85,4.19,0.3393,9.0833
2011-08-01,780852.3021,13.5,273393.7738,11.2,2.3,0.3501,9.2877
2011-07-01,772923.65,14.7,270545.65,11.6,3.1,0.35,9.9058
2011-06-01,780820.85,15.9,274662.57,13.1,2.8,0.3518,10.7119
2011-05-01,763409.2151,15.1,269289.6255,12.7,2.4,0.3527,10.0152
2011-04-01,757384.5619,15.3,266766.9145,12.9,2.4,0.3522,10.0503
2011-03-01,758130.88,16.6,266255.48,15.0,1.6,0.3512,10.7933
2011-02-01,736130.8633,15.7,259200.4996,14.5,1.2,0.3521,9.989
2011-01-01,733884.8297,17.2,261765.006,13.6,3.6,0.3567,10.7703
2010-12-01,725851.79,19.7,266621.54,21.2,-1.5,0.3673,11.9459
2010-11-01,710339.025,19.5,259420.32,22.1,-2.6,0.3652,11.5913
2010-10-01,699776.7409,19.3,253313.1693,22.1,-2.8,0.362,11.3208
2010-09-01,696471.5,19.0,243821.9,20.9,-1.9,0.3501,11.1201
2010-08-01,687506.9183,19.2,244340.6421,21.9,-2.7,0.3554,11.0739
2010-07-01,674051.4789,17.6,240664.0696,22.9,-5.3,0.357,10.0878
2010-06-01,673921.7239,18.5,240579.9975,24.6,-6.1,0.357,10.5211
2010-05-01,663351.37,21.0,236497.8831,29.9,-8.9,0.3565,11.5127
2010-04-01,656561.217,21.48,233909.7597,31.25,-9.77,0.3563,11.6093
2010-03-01,649947.4643,22.5,229397.9332,29.94,-7.44,0.3529,11.9378
2010-02-01,636072.2646,25.52,224286.9544,34.99,-9.47,0.3526,12.9323
2010-01-01,625609.29,25.98,229588.98,38.96,-12.98,0.367,12.9015
