date,pmi,pmi_mom_change,pmi_expansion_flag
2010-01-01,56.6,,1
2010-02-01,55.8,-0.8,1
2010-03-01,52.0,-3.8,1
2010-04-01,55.1,3.1,1
2010-05-01,55.7,0.6,1
2010-06-01,53.9,-1.8,1
2010-07-01,52.1,-1.8,1
2010-08-01,51.2,-0.9,1
2010-09-01,51.7,0.5,1
2010-10-01,53.8,2.1,1
2010-11-01,54.7,0.9,1
2010-12-01,55.2,0.5,1
2011-01-01,53.9,-1.3,1
2011-02-01,52.9,-1.0,1
2011-03-01,52.2,-0.7,1
2011-04-01,53.4,1.2,1
2011-05-01,52.9,-0.5,1
2011-06-01,52.0,-0.9,1
2011-07-01,50.9,-1.1,1
2011-08-01,50.7,-0.2,1
2011-09-01,50.9,0.2,1
2011-10-01,51.2,0.3,1
2011-11-01,50.4,-0.8,1
2011-12-01,49.0,-1.4,0
2012-01-01,50.3,1.3,1
2012-02-01,50.5,0.2,1
2012-03-01,51.0,0.5,1
2012-04-01,53.1,2.1,1
2012-05-01,53.3,0.2,1
2012-06-01,50.4,-2.9,1
2012-07-01,50.2,-0.2,1
2012-08-01,50.1,-0.1,1
2012-09-01,49.2,-0.9,0
2012-10-01,49.8,0.6,0
2012-11-01,50.2,0.4,1
2012-12-01,50.6,0.4,1
2013-01-01,50.6,0.0,1
2013-02-01,50.4,-0.2,1
2013-03-01,50.1,-0.3,1
2013-04-01,50.9,0.8,1
2013-05-01,50.6,-0.3,1
2013-06-01,50.8,0.2,1
2013-07-01,50.1,-0.7,1
2013-08-01,50.3,0.2,1
2013-09-01,51.0,0.7,1
2013-10-01,51.1,0.1,1
2013-11-01,51.4,0.3,1
2013-12-01,51.4,0.0,1
2014-01-01,51.0,-0.4,1
2014-02-01,50.5,-0.5,1
2014-03-01,50.2,-0.3,1
2014-04-01,50.3,0.1,1
2014-05-01,50.4,0.1,1
2014-06-01,50.8,0.4,1
2014-07-01,51.0,0.2,1
2014-08-01,51.7,0.7,1
2014-09-01,51.1,-0.6,1
2014-10-01,51.1,0.0,1
2014-11-01,50.8,-0.3,1
2014-12-01,50.3,-0.5,1
2015-01-01,50.1,-0.2,1
2015-02-01,49.8,-0.3,0
2015-03-01,49.9,0.1,0
2015-04-01,50.1,0.2,1
2015-05-01,50.1,0.0,1
2015-06-01,50.2,0.1,1
2015-07-01,50.2,0.0,1
2015-08-01,50.0,-0.2,0
2015-09-01,49.7,-0.3,0
2015-10-01,49.8,0.1,0
2015-11-01,49.8,0.0,0
2015-12-01,49.6,-0.2,0
2016-01-01,49.7,0.1,0
2016-02-01,49.4,-0.3,0
2016-03-01,49.0,-0.4,0
2016-04-01,50.2,1.2,1
2016-05-01,50.1,-0.1,1
2016-06-01,50.1,0.0,1
2016-07-01,50.0,-0.1,0
2016-08-01,49.9,-0.1,0
2016-09-01,50.4,0.5,1
2016-10-01,50.4,0.0,1
2016-11-01,51.2,0.8,1
2016-12-01,51.7,0.5,1
2017-01-01,51.4,-0.3,1
2017-02-01,51.3,-0.1,1
2017-03-01,51.6,0.3,1
2017-03-31,51.8,0.2,1
2017-04-30,51.2,-0.6,1
2017-05-31,51.2,0.0,1
2017-06-30,51.7,0.5,1
2017-07-31,51.4,-0.3,1
2017-08-31,51.7,0.3,1
2017-09-30,52.4,0.7,1
2017-10-31,51.6,-0.8,1
2017-11-30,51.8,0.2,1
2017-12-31,51.6,-0.2,1
2018-01-31,51.3,-0.3,1
2018-02-28,50.3,-1.0,1
2018-03-31,51.5,1.2,1
2018-04-30,51.4,-0.1,1
2018-05-31,51.9,0.5,1
2018-06-30,51.5,-0.4,1
2018-07-31,51.2,-0.3,1
2018-08-31,51.3,0.1,1
2018-09-30,50.8,-0.5,1
2018-10-31,50.2,-0.6,1
2018-11-30,50.0,-0.2,0
2018-12-31,49.4,-0.6,0
2019-01-31,49.5,0.1,0
2019-02-28,49.2,-0.3,0
2019-03-31,50.5,1.3,1
2019-04-30,50.1,-0.4,1
2019-05-31,49.4,-0.7,0
2019-06-30,49.4,0.0,0
2019-07-31,49.7,0.3,0
2019-08-31,49.5,-0.2,0
2019-09-30,49.8,0.3,0
2019-10-31,49.3,-0.5,0
2019-11-30,50.2,0.9,1
2019-12-31,50.2,0.0,1
2020-01-31,50.0,-0.2,0
2020-02-29,35.7,-14.3,0
2020-03-31,52.0,16.3,1
2020-04-30,50.8,-1.2,1
2020-05-31,50.6,-0.2,1
2020-06-30,50.9,0.3,1
2020-07-31,51.1,0.2,1
2020-08-31,51.0,-0.1,1
2020-09-30,51.5,0.5,1
2020-10-31,51.4,-0.1,1
2020-11-30,52.1,0.7,1
2020-12-31,51.9,-0.2,1
2021-01-31,51.3,-0.6,1
2021-02-28,50.6,-0.7,1
2021-03-31,51.9,1.3,1
2021-04-30,51.1,-0.8,1
2021-05-31,51.0,-0.1,1
2021-06-30,50.9,-0.1,1
2021-07-31,50.4,-0.5,1
2021-08-31,50.1,-0.3,1
2021-09-30,49.6,-0.5,0
2021-10-31,49.2,-0.4,0
2021-11-30,50.1,0.9,1
2021-12-31,50.3,0.2,1
2022-01-30,50.1,-0.2,1
2022-03-01,50.2,0.1,1
2022-03-31,49.5,-0.7,0
2022-04-30,47.4,-2.1,0
2022-05-31,49.6,2.2,0
2022-06-30,50.2,0.6,1
2022-07-31,49.0,-1.2,0
2022-08-31,49.4,0.4,0
2022-09-30,50.1,0.7,1
2022-10-31,49.2,-0.9,0
2022-11-30,48.0,-1.2,0
2022-12-31,47.0,-1.0,0
2023-01-31,50.1,3.1,1
2023-03-01,52.6,2.5,1
2023-03-31,51.9,-0.7,1
2023-04-30,49.2,-2.7,0
2023-05-31,48.8,-0.4,0
2023-06-30,49.0,0.2,0
2023-07-31,49.3,0.3,0
2023-08-31,49.7,0.4,0
2023-09-30,50.2,0.5,1
2023-10-31,49.5,-0.7,0
2023-11-30,49.4,-0.1,0
2023-12-31,49.0,-0.4,0
2024-01-31,49.2,0.2,0
2024-03-01,49.1,-0.1,0
2024-03-31,50.8,1.7,1
2024-04-30,50.4,-0.4,1
2024-05-31,49.5,-0.9,0
2024-06-30,49.5,0.0,0
2024-07-31,49.4,-0.1,0
2024-08-31,49.1,-0.3,0
2024-09-30,49.8,0.7,0
2024-10-31,50.1,0.3,1
2024-11-30,50.3,0.2,1
2024-12-31,50.1,-0.2,1
2025-01-27,49.1,-1.0,0
2025-03-01,50.2,1.1,1
2025-03-31,50.5,0.3,1
2025-04-30,49.0,-1.5,0
2025-05-31,49.5,0.5,0
2025-06-30,49.7,0.2,0
2025-07-31,49.3,-0.4,0
2025-08-31,49.4,0.1,0
